fecha;ccaa;confirmados;hospitalizados;uci;fallecidos
15/1/20;Andalucía;0;21;0;0
15/1/20;Aragón;0;1;0;0
15/1/20;Asturias;0;0;0;0
15/1/20;Canarias;0;3;0;0
15/1/20;Cantabria;0;0;0;0
15/1/20;Castilla y León;0;0;0;0
15/1/20;Castilla-La Mancha;0;1;0;0
15/1/20;Cataluña;0;70;1;0
15/1/20;Ceuta y Melilla;0;0;0;0
15/1/20;Comunidad Valenciana;0;25;0;0
15/1/20;Extremadura;0;0;0;0
15/1/20;Galicia;0;2;1;0
15/1/20;Islas Baleares;0;0;0;0
15/1/20;La Rioja;0;0;0;0
15/1/20;Madrid;0;45;3;0
15/1/20;Murcia;0;1;0;0
15/1/20;Navarra;0;1;0;0
15/1/20;Pa√≠s Vasco;0;9;1;0
15/1/20;No Consta;0;2;0;0
31/1/20;Andalucía;0;34;0;0
31/1/20;Aragón;0;2;0;0
31/1/20;Asturias;0;2;0;0
31/1/20;Canarias;1;9;0;0
31/1/20;Cantabria;0;0;0;0
31/1/20;Castilla y León;2;4;0;0
31/1/20;Castilla-La Mancha;0;1;0;0
31/1/20;Cataluña;0;105;2;0
31/1/20;Ceuta y Melilla;0;0;0;0
31/1/20;Comunidad Valenciana;0;39;0;0
31/1/20;Extremadura;0;0;0;0
31/1/20;Galicia;0;9;2;0
31/1/20;Islas Baleares;0;0;0;0
31/1/20;La Rioja;0;0;0;0
31/1/20;Madrid;1;90;4;0
31/1/20;Murcia;0;3;0;0
31/1/20;Navarra;0;5;0;0
31/1/20;Pa√≠s Vasco;0;11;1;0
31/1/20;No Consta;0;8;0;0
15/2/20;Andalucía;0;55;2;0
15/2/20;Aragón;0;4;1;0
15/2/20;Asturias;0;3;0;0
15/2/20;Canarias;1;10;0;0
15/2/20;Cantabria;0;0;0;0
15/2/20;Castilla y León;2;14;0;0
15/2/20;Castilla-La Mancha;0;1;0;0
15/2/20;Cataluña;1;173;2;0
15/2/20;Ceuta y Melilla;0;0;0;0
15/2/20;Comunidad Valenciana;0;46;1;1
15/2/20;Extremadura;0;0;0;0
15/2/20;Galicia;0;13;3;0
15/2/20;Islas Baleares;1;1;0;0
15/2/20;La Rioja;0;1;0;0
15/2/20;Madrid;2;165;11;0
15/2/20;Murcia;0;8;0;0
15/2/20;Navarra;0;8;0;0
15/2/20;Pa√≠s Vasco;0;20;2;0
15/2/20;No Consta;0;15;1;0
29/2/20;Andalucía;11;80;4;0
29/2/20;Aragón;2;15;5;0
29/2/20;Asturias;1;8;2;0
29/2/20;Canarias;7;24;2;0
29/2/20;Cantabria;1;0;0;0
29/2/20;Castilla y León;6;29;4;0
29/2/20;Castilla-La Mancha;0;13;3;0
29/2/20;Cataluña;7;320;7;0
29/2/20;Ceuta y Melilla;0;0;0;0
29/2/20;Comunidad Valenciana;15;74;5;1
29/2/20;Extremadura;2;4;0;0
29/2/20;Galicia;0;22;4;0
29/2/20;Islas Baleares;4;3;0;0
29/2/20;La Rioja;4;3;0;0
29/2/20;Madrid;22;385;31;0
29/2/20;Murcia;0;13;1;0
29/2/20;Navarra;3;22;2;0
29/2/20;Pa√≠s Vasco;1;50;3;0
29/2/20;No Consta;0;33;2;0
15/3/20;Andalucía;660;457;49;11
15/3/20;Aragón;170;116;25;10
15/3/20;Asturias;163;56;4;1
15/3/20;Canarias;124;106;22;2
15/3/20;Cantabria;59;7;0;0
15/3/20;Castilla y León;443;347;38;12
15/3/20;Castilla-La Mancha;593;529;50;33
15/3/20;Cataluña;1498;1444;121;44
15/3/20;Ceuta y Melilla;18;5;0;0
15/3/20;Comunidad Valenciana;566;366;51;14
15/3/20;Extremadura;140;45;6;2
15/3/20;Galicia;250;109;16;2
15/3/20;Islas Baleares;126;58;14;3
15/3/20;La Rioja;351;78;14;4
15/3/20;Madrid;6369;5196;502;305
15/3/20;Murcia;91;47;6;0
15/3/20;Navarra;285;156;12;2
15/3/20;Pa√≠s Vasco;724;427;35;36
15/3/20;No Consta;236;116;16;1
31/3/20;Andalucía;7822;4299;549;465
31/3/20;Aragón;2605;1431;215;209
31/3/20;Asturias;1377;602;86;74
31/3/20;Canarias;1483;685;143;69
31/3/20;Cantabria;1236;113;34;60
31/3/20;Castilla y León;7982;4294;374;779
31/3/20;Castilla-La Mancha;8083;5666;394;1113
31/3/20;Cataluña;22570;11384;1079;2010
31/3/20;Ceuta y Melilla;114;42;6;2
31/3/20;Comunidad Valenciana;6596;4024;570;482
31/3/20;Extremadura;1680;749;77;170
31/3/20;Galicia;4960;1627;200;135
31/3/20;Islas Baleares;1237;674;125;61
31/3/20;La Rioja;2140;593;59;109
31/3/20;Madrid;41344;27341;2146;3973
31/3/20;Murcia;1070;458;79;49
31/3/20;Navarra;2528;1382;105;152
31/3/20;Pa√≠s Vasco;6997;3677;257;438
31/3/20;No Consta;2501;866;121;39
15/4/20;Andalucía;11517;5734;713;1049
15/4/20;Aragón;4415;2223;301;606
15/4/20;Asturias;2128;942;116;177
15/4/20;Canarias;2014;896;167;114
15/4/20;Cantabria;1850;294;45;148
15/4/20;Castilla y León;15257;6395;489;1833
15/4/20;Castilla-La Mancha;13983;8401;510;2148
15/4/20;Cataluña;38152;16836;1460;4381
15/4/20;Ceuta y Melilla;197;52;7;6
15/4/20;Comunidad Valenciana;9837;5359;702;1080
15/4/20;Extremadura;2465;1085;104;368
15/4/20;Galicia;7960;2447;274;429
15/4/20;Islas Baleares;1820;1012;159;152
15/4/20;La Rioja;3547;935;71;268
15/4/20;Madrid;58266;35940;2758;6506
15/4/20;Murcia;1493;636;104;117
15/4/20;Navarra;4344;1991;130;376
15/4/20;Pa√≠s Vasco;11348;4930;320;1065
15/4/20;No Consta;3872;1177;145;107
30/4/20;Andalucía;12552;6125;752;1299
30/4/20;Aragón;5167;2541;329;803
30/4/20;Asturias;2329;1077;125;265
30/4/20;Canarias;2201;948;175;143
30/4/20;Cantabria;2187;335;45;197
30/4/20;Castilla y León;18472;7304;517;2398
30/4/20;Castilla-La Mancha;16195;9504;548;2647
30/4/20;Cataluña;46588;18449;1538;5719
30/4/20;Ceuta y Melilla;216;54;7;6
30/4/20;Comunidad Valenciana;10951;5708;722;1303
30/4/20;Extremadura;2939;1251;109;457
30/4/20;Galicia;8897;2704;301;564
30/4/20;Islas Baleares;1988;1113;165;204
30/4/20;La Rioja;3918;1023;77;333
30/4/20;Madrid;66255;38209;2962;7693
30/4/20;Murcia;1582;667;112;136
30/4/20;Navarra;5002;2150;141;488
30/4/20;Pa√≠s Vasco;13014;5207;335;1331
30/4/20;No Consta;5483;1342;158;136
15/5/20;Andalucía;12945;6247;766;1393
15/5/20;Aragón;5519;2608;340;878
15/5/20;Asturias;2385;1102;129;301
15/5/20;Canarias;2278;971;179;154
15/5/20;Cantabria;2268;347;45;208
15/5/20;Castilla y León;19475;7587;528;2629
15/5/20;Castilla-La Mancha;17520;10170;566;2853
15/5/20;Cataluña;48857;18905;1562;6251
15/5/20;Ceuta y Melilla;236;55;7;6
15/5/20;Comunidad Valenciana;11459;5851;733;1409
15/5/20;Extremadura;3140;1316;112;494
15/5/20;Galicia;9170;2817;314;605
15/5/20;Islas Baleares;2085;1135;168;221
15/5/20;La Rioja;3974;1035;77;350
15/5/20;Madrid;69445;38948;3030;8214
15/5/20;Murcia;1660;684;113;144
15/5/20;Navarra;5280;2212;143;525
15/5/20;Pa√≠s Vasco;13658;5294;341;1448
15/5/20;No Consta;5699;1413;160;167
31/5/20;Andalucía;13135;6292;772;1428
31/5/20;Aragón;5789;2636;346;901
31/5/20;Asturias;2425;1114;129;322
31/5/20;Canarias;2341;991;182;163
31/5/20;Cantabria;2316;353;45;211
31/5/20;Castilla y León;20216;7718;533;2733
31/5/20;Castilla-La Mancha;18229;10256;577;2934
31/5/20;Cataluña;52373;19106;1573;6433
31/5/20;Ceuta y Melilla;268;58;7;6
31/5/20;Comunidad Valenciana;11765;5880;736;1441
31/5/20;Extremadura;3188;1336;112;510
31/5/20;Galicia;9263;2839;315;615
31/5/20;Islas Baleares;2181;1146;169;226
31/5/20;La Rioja;4000;1040;77;363
31/5/20;Madrid;71316;39337;3072;8504
31/5/20;Murcia;1706;692;113;146
31/5/20;Navarra;5446;2241;143;528
31/5/20;Pa√≠s Vasco;14025;5327;344;1519
31/5/20;No Consta;5713;1418;160;177
15/6/20;Andalucía;13266;6317;774;1436
15/6/20;Aragón;5904;2651;346;913
15/6/20;Asturias;2435;1118;129;333
15/6/20;Canarias;2369;1007;183;166
15/6/20;Cantabria;2340;360;46;211
15/6/20;Castilla y León;20639;7807;537;2803
15/6/20;Castilla-La Mancha;18659;10313;583;2952
15/6/20;Cataluña;54170;19237;1583;6498
15/6/20;Ceuta y Melilla;288;60;7;7
15/6/20;Comunidad Valenciana;11964;5897;737;1450
15/6/20;Extremadura;3213;1339;112;513
15/6/20;Galicia;9289;2844;315;618
15/6/20;Islas Baleares;2239;1149;169;226
15/6/20;La Rioja;4018;1044;77;365
15/6/20;Madrid;73018;39584;3101;8674
15/6/20;Murcia;1734;693;113;147
15/6/20;Navarra;5500;2252;144;528
15/6/20;Pa√≠s Vasco;14394;5360;345;1554
15/6/20;No Consta;5720;1418;160;184
30/6/20;Andalucía;13578;6347;778;1444
30/6/20;Aragón;6290;2669;346;916
30/6/20;Asturias;2435;1118;129;338
30/6/20;Canarias;2414;1016;183;166
30/6/20;Cantabria;2367;365;46;212
30/6/20;Castilla y León;20901;7857;544;2843
30/6/20;Castilla-La Mancha;18978;10363;585;2964
30/6/20;Cataluña;55776;19311;1590;6519
30/6/20;Ceuta y Melilla;290;60;7;7
30/6/20;Comunidad Valenciana;12143;5919;739;1455
30/6/20;Extremadura;3259;1341;112;513
30/6/20;Galicia;9354;2850;315;618
30/6/20;Islas Baleares;2300;1152;170;227
30/6/20;La Rioja;4027;1045;77;368
30/6/20;Madrid;73960;39772;3123;8747
30/6/20;Murcia;1796;702;113;147
30/6/20;Navarra;5616;2256;145;528
30/6/20;Pa√≠s Vasco;14768;5372;347;1559
30/6/20;No Consta;5736;1425;163;186
15/7/20;Andalucía;14083;6395;785;1449
15/7/20;Aragón;7365;2747;354;922
15/7/20;Asturias;2443;1119;129;339
15/7/20;Canarias;2459;1035;186;166
15/7/20;Cantabria;2384;368;46;212
15/7/20;Castilla y León;21048;7874;544;2853
15/7/20;Castilla-La Mancha;19321;10439;590;2971
15/7/20;Cataluña;61599;19481;1604;6532
15/7/20;Ceuta y Melilla;293;61;7;7
15/7/20;Comunidad Valenciana;12456;5960;742;1455
15/7/20;Extremadura;3439;1346;113;513
15/7/20;Galicia;9610;2866;317;618
15/7/20;Islas Baleares;2367;1156;170;229
15/7/20;La Rioja;4059;1047;77;369
15/7/20;Madrid;74661;39893;3125;8753
15/7/20;Murcia;1890;710;115;148
15/7/20;Navarra;5826;2264;145;529
15/7/20;Pa√≠s Vasco;15401;5391;348;1563
15/7/20;No Consta;5785;1429;164;186
31/7/20;Andalucía;15880;6498;793;1453
31/7/20;Aragón;13164;3223;376;951
31/7/20;Asturias;2531;1122;130;339
31/7/20;Canarias;2607;1053;186;166
31/7/20;Cantabria;2490;378;47;212
31/7/20;Castilla y León;21665;7931;548;2855
31/7/20;Castilla-La Mancha;19857;10468;593;2977
31/7/20;Cataluña;76971;19820;1632;6596
31/7/20;Ceuta y Melilla;303;62;7;7
31/7/20;Comunidad Valenciana;14507;6090;753;1461
31/7/20;Extremadura;3638;1359;116;514
31/7/20;Galicia;9891;2890;319;618
31/7/20;Islas Baleares;2759;1181;172;230
31/7/20;La Rioja;4155;1049;77;369
31/7/20;Madrid;78969;40341;3144;8761
31/7/20;Murcia;2647;743;118;148
31/7/20;Navarra;6873;2302;147;529
31/7/20;Pa√≠s Vasco;18029;5476;354;1566
31/7/20;No Consta;5928;1441;167;186
15/8/20;Andalucía;21340;6790;827;1468
15/8/20;Aragón;21458;3828;409;1071
15/8/20;Asturias;2842;1128;130;339
15/8/20;Canarias;3563;1118;194;169
15/8/20;Cantabria;3069;427;52;215
15/8/20;Castilla y León;24321;8073;556;2865
15/8/20;Castilla-La Mancha;21676;10533;602;2989
15/8/20;Cataluña;90350;20260;1675;6693
15/8/20;Ceuta y Melilla;379;67;7;7
15/8/20;Comunidad Valenciana;19284;6465;777;1473
15/8/20;Extremadura;4076;1382;119;517
15/8/20;Galicia;11158;2971;329;624
15/8/20;Islas Baleares;5399;1257;185;231
15/8/20;La Rioja;4519;1060;77;369
15/8/20;Madrid;96403;42314;3251;8814
15/8/20;Murcia;4011;858;135;151
15/8/20;Navarra;8297;2358;154;532
15/8/20;Pa√≠s Vasco;23878;5763;373;1581
15/8/20;No Consta;6593;1468;171;188
31/8/20;Andalucía;33590;7527;897;1528
31/8/20;Aragón;26314;4344;443;1198
31/8/20;Asturias;3350;1161;132;340
31/8/20;Canarias;7168;1385;244;179
31/8/20;Cantabria;4195;493;58;219
31/8/20;Castilla y León;30119;8498;589;2914
31/8/20;Castilla-La Mancha;27090;10695;618;3013
31/8/20;Cataluña;106991;20754;1724;6829
31/8/20;Ceuta y Melilla;651;86;8;8
31/8/20;Comunidad Valenciana;27756;7068;835;1518
31/8/20;Extremadura;5344;1446;127;521
31/8/20;Galicia;14822;3241;351;643
31/8/20;Islas Baleares;9883;1501;234;264
31/8/20;La Rioja;5709;1156;86;375
31/8/20;Madrid;133555;46875;3529;8995
31/8/20;Murcia;7563;1192;177;156
31/8/20;Navarra;10281;2463;165;535
31/8/20;Pa√≠s Vasco;33437;6329;418;1649
31/8/20;No Consta;7858;1533;181;188
15/9/20;Andalucía;49478;8791;1023;1707
15/9/20;Aragón;31007;4801;470;1305
15/9/20;Asturias;4165;1226;142;346
15/9/20;Canarias;10826;1680;309;215
15/9/20;Cantabria;5875;579;65;224
15/9/20;Castilla y León;38837;9082;636;2988
15/9/20;Castilla-La Mancha;36454;11042;653;3091
15/9/20;Cataluña;122245;21338;1771;6977
15/9/20;Ceuta y Melilla;1099;113;14;14
15/9/20;Comunidad Valenciana;36296;7742;910;1592
15/9/20;Extremadura;7833;1593;140;535
15/9/20;Galicia;18417;3605;382;695
15/9/20;Islas Baleares;12357;1753;266;304
15/9/20;La Rioja;6986;1288;102;392
15/9/20;Madrid;189534;52608;3845;9318
15/9/20;Murcia;13801;1650;239;191
15/9/20;Navarra;13877;2684;180;550
15/9/20;Pa√≠s Vasco;42320;7011;480;1776
15/9/20;No Consta;8927;1601;187;194
30/9/20;Andalucía;67787;10074;1138;1927
30/9/20;Aragón;36064;5281;500;1415
30/9/20;Asturias;5506;1334;153;355
30/9/20;Canarias;13271;1894;356;244
30/9/20;Cantabria;6844;659;78;232
30/9/20;Castilla y León;49843;10081;730;3139
30/9/20;Castilla-La Mancha;47009;11502;693;3219
30/9/20;Cataluña;138714;21941;1825;7133
30/9/20;Ceuta y Melilla;1693;148;19;17
30/9/20;Comunidad Valenciana;42935;8298;983;1668
30/9/20;Extremadura;10942;1849;154;596
30/9/20;Galicia;21671;3895;424;746
30/9/20;Islas Baleares;14475;1912;289;351
30/9/20;La Rioja;8561;1399;114;424
30/9/20;Madrid;247848;58642;4216;9898
30/9/20;Murcia;20541;2111;305;224
30/9/20;Navarra;18571;2933;202;585
30/9/20;Pa√≠s Vasco;49657;7426;532;1920
30/9/20;No Consta;9763;1651;196;200
15/10/20;Andalucía;95614;11711;1256;2219
15/10/20;Aragón;42279;5821;536;1505
15/10/20;Asturias;7697;1621;172;371
15/10/20;Canarias;15078;2074;389;260
15/10/20;Cantabria;7619;718;89;239
15/10/20;Castilla y León;62067;11333;830;3385
15/10/20;Castilla-La Mancha;56082;12016;736;3362
15/10/20;Cataluña;168497;22964;1907;7328
15/10/20;Ceuta y Melilla;2611;201;24;25
15/10/20;Comunidad Valenciana;50995;9001;1047;1744
15/10/20;Extremadura;13891;2023;168;658
15/10/20;Galicia;25858;4268;468;809
15/10/20;Islas Baleares;16098;2024;303;379
15/10/20;La Rioja;10091;1528;134;439
15/10/20;Madrid;282881;62701;4479;10402
15/10/20;Murcia;27112;2641;372;265
15/10/20;Navarra;24504;3280;233;642
15/10/20;Pa√≠s Vasco;57599;7828;567;2011
15/10/20;No Consta;11071;1736;204;208
31/10/20;Andalucía;153352;15070;1534;2796
31/10/20;Aragón;57859;6873;627;1679
31/10/20;Asturias;12507;2391;228;467
31/10/20;Canarias;16810;2216;426;288
31/10/20;Cantabria;10060;927;114;252
31/10/20;Castilla y León;86768;13393;981;3734
31/10/20;Castilla-La Mancha;70461;12702;799;3551
31/10/20;Cataluña;237326;24991;2079;7895
31/10/20;Ceuta y Melilla;4771;325;35;49
31/10/20;Comunidad Valenciana;72701;10709;1207;1898
31/10/20;Extremadura;20432;2456;199;741
31/10/20;Galicia;35243;5047;566;931
31/10/20;Islas Baleares;19169;2184;324;397
31/10/20;La Rioja;12868;1772;167;471
31/10/20;Madrid;314771;66282;4713;10869
31/10/20;Murcia;39046;3484;474;366
31/10/20;Navarra;33416;3848;288;720
31/10/20;Pa√≠s Vasco;75597;8715;660;2143
31/10/20;No Consta;13457;1937;225;230
15/11/20;Andalucía;205150;18898;1930;3683
15/11/20;Aragón;68036;7767;705;2051
15/11/20;Asturias;19175;3525;299;748
15/11/20;Canarias;18667;2404;454;316
15/11/20;Cantabria;13250;1207;153;292
15/11/20;Castilla y León;108422;15526;1150;4239
15/11/20;Castilla-La Mancha;82234;13424;865;3804
15/11/20;Cataluña;281077;26961;2240;8791
15/11/20;Ceuta y Melilla;6220;429;56;81
15/11/20;Comunidad Valenciana;97915;12855;1434;2180
15/11/20;Extremadura;25964;2897;241;862
15/11/20;Galicia;43830;5840;677;1080
15/11/20;Islas Baleares;22272;2386;361;430
15/11/20;La Rioja;15266;2023;190;514
15/11/20;Madrid;336823;68657;4903;11286
15/11/20;Murcia;50353;4358;581;528
15/11/20;Navarra;37818;4187;337;808
15/11/20;Pa√≠s Vasco;94761;9578;757;2365
15/11/20;No Consta;15300;2087;245;256
30/11/20;Andalucía;233358;21421;2224;4479
30/11/20;Aragón;72708;8272;751;2332
30/11/20;Asturias;23498;4485;354;1062
30/11/20;Canarias;20398;2587;481;344
30/11/20;Cantabria;15454;1471;183;327
30/11/20;Castilla y León;119487;16856;1258;4695
30/11/20;Castilla-La Mancha;89068;13901;913;4022
30/11/20;Cataluña;302499;28236;2340;9474
30/11/20;Ceuta y Melilla;6911;482;64;97
30/11/20;Comunidad Valenciana;115279;14546;1628;2513
30/11/20;Extremadura;28584;3141;267;968
30/11/20;Galicia;50573;6403;748;1231
30/11/20;Islas Baleares;24885;2552;385;452
30/11/20;La Rioja;16601;2152;206;551
30/11/20;Madrid;354495;70502;5047;11543
30/11/20;Murcia;54564;4799;645;638
30/11/20;Navarra;39687;4338;354;896
30/11/20;Pa√≠s Vasco;104904;10134;817;2607
30/11/20;No Consta;16124;2166;251;288
15/12/20;Andalucía;247542;22707;2365;4910
15/12/20;Aragón;75879;8636;788;2490
15/12/20;Asturias;25879;4859;386;1273
15/12/20;Canarias;23227;2849;516;371
15/12/20;Cantabria;16912;1656;207;374
15/12/20;Castilla y León;124342;17596;1308;5014
15/12/20;Castilla-La Mancha;95381;14292;946;4192
15/12/20;Cataluña;321739;29092;2403;9992
15/12/20;Ceuta y Melilla;7276;516;66;100
15/12/20;Comunidad Valenciana;132845;15899;1754;2797
15/12/20;Extremadura;31038;3271;278;1024
15/12/20;Galicia;55641;6895;806;1323
15/12/20;Islas Baleares;29015;2767;416;484
15/12/20;La Rioja;17322;2230;215;574
15/12/20;Madrid;373876;72259;5180;11741
15/12/20;Murcia;57107;5012;677;706
15/12/20;Navarra;41060;4454;364;940
15/12/20;Pa√≠s Vasco;111687;10530;847;2845
15/12/20;No Consta;16494;2212;260;299
31/12/20;Andalucía;264592;23817;2488;5216
31/12/20;Aragón;79527;8981;826;2613
31/12/20;Asturias;27278;5041;398;1374
31/12/20;Canarias;26534;3086;559;428
31/12/20;Cantabria;18002;1764;225;407
31/12/20;Castilla y León;128844;18130;1361;5197
31/12/20;Castilla-La Mancha;105768;14831;1006;4349
31/12/20;Cataluña;357565;30326;2499;10525
31/12/20;Ceuta y Melilla;7651;533;68;106
31/12/20;Comunidad Valenciana;170380;18466;1972;3219
31/12/20;Extremadura;37644;3548;294;1078
31/12/20;Galicia;61857;7455;877;1397
31/12/20;Islas Baleares;36784;3197;476;544
31/12/20;La Rioja;18461;2311;221;588
31/12/20;Madrid;406871;74604;5350;11989
31/12/20;Murcia;61276;5277;721;768
31/12/20;Navarra;42620;4571;378;977
31/12/20;Pa√≠s Vasco;117555;10839;884;3052
31/12/20;No Consta;17216;2259;268;308
15/1/21;Andalucía;320591;26490;2771;5652
15/1/21;Aragón;86989;9470;873;2728
15/1/21;Asturias;30271;5361;421;1429
15/1/21;Canarias;30338;3347;616;468
15/1/21;Cantabria;20147;1978;251;428
15/1/21;Castilla y León;148502;19254;1474;5362
15/1/21;Castilla-La Mancha;130811;15845;1099;4571
15/1/21;Cataluña;407927;32108;2648;11271
15/1/21;Ceuta y Melilla;8575;578;76;112
15/1/21;Comunidad Valenciana;252071;23320;2375;4048
15/1/21;Extremadura;52760;4187;343;1222
15/1/21;Galicia;74033;8321;1003;1504
15/1/21;Islas Baleares;45393;3614;556;619
15/1/21;La Rioja;21149;2502;242;610
15/1/21;Madrid;461967;78393;5653;12349
15/1/21;Murcia;80804;6209;838;861
15/1/21;Navarra;45075;4693;391;997
15/1/21;Pa√≠s Vasco;125536;11267;919;3229
15/1/21;No Consta;18946;2349;275;320
31/1/21;Andalucía;416383;32900;3417;6922
31/1/21;Aragón;97426;10309;941;2920
31/1/21;Asturias;37233;6266;482;1577
31/1/21;Canarias;34683;3689;698;530
31/1/21;Cantabria;22645;2293;295;482
31/1/21;Castilla y León;183793;22292;1722;5780
31/1/21;Castilla-La Mancha;160783;17501;1283;5120
31/1/21;Cataluña;455155;34140;2855;12379
31/1/21;Ceuta y Melilla;10103;680;93;124
31/1/21;Comunidad Valenciana;346680;30555;2918;5761
31/1/21;Extremadura;65320;5167;442;1505
31/1/21;Galicia;98025;10350;1316;1812
31/1/21;Islas Baleares;53085;4131;638;709
31/1/21;La Rioja;25618;2853;301;655
31/1/21;Madrid;532129;83805;6051;13174
31/1/21;Murcia;100421;7836;1008;1220
31/1/21;Navarra;48690;4933;427;1041
31/1/21;Pa√≠s Vasco;138994;12131;1020;3495
31/1/21;No Consta;21049;2524;291;347
15/2/21;Andalucía;461629;36937;3828;8104
15/2/21;Aragón;103226;10888;1002;3106
15/2/21;Asturias;41643;7019;554;1719
15/2/21;Canarias;37612;3936;761;565
15/2/21;Cantabria;24039;2463;323;507
15/2/21;Castilla y León;196217;23933;1864;6194
15/2/21;Castilla-La Mancha;169564;18040;1318;5513
15/2/21;Cataluña;482994;35396;2960;13084
15/2/21;Ceuta y Melilla;11101;730;102;138
15/2/21;Comunidad Valenciana;375000;33177;3179;6780
15/2/21;Extremadura;67954;5477;474;1680
15/2/21;Galicia;108711;11602;1526;2115
15/2/21;Islas Baleares;55426;4332;678;787
15/2/21;La Rioja;26938;3041;329;712
15/2/21;Madrid;572348;87286;6307;13798
15/2/21;Murcia;105021;8352;1076;1437
15/2/21;Navarra;50581;5078;439;1081
15/2/21;Pa√≠s Vasco;148533;12858;1104;3744
15/2/21;No Consta;21779;2611;300;366
28/2/21;Andalucía;475511;38458;4014;8685
28/2/21;Aragón;105599;11162;1036;3213
28/2/21;Asturias;43542;7354;590;1815
28/2/21;Canarias;39724;4114;806;600
28/2/21;Cantabria;24750;2591;348;518
28/2/21;Castilla y León;199857;24497;1914;6378
28/2/21;Castilla-La Mancha;171674;18173;1331;5633
28/2/21;Cataluña;498986;36121;3019;13435
28/2/21;Ceuta y Melilla;11575;756;109;156
28/2/21;Comunidad Valenciana;380304;33753;3241;7114
28/2/21;Extremadura;68459;5539;482;1718
28/2/21;Galicia;112139;12068;1600;2233
28/2/21;Islas Baleares;56282;4399;682;808
28/2/21;La Rioja;27169;3086;335;727
28/2/21;Madrid;590004;88962;6458;14159
28/2/21;Murcia;106394;8539;1098;1516
28/2/21;Navarra;51372;5133;448;1093
28/2/21;Pa√≠s Vasco;153232;13218;1146;3881
28/2/21;No Consta;21964;2631;303;379
15/3/21;Andalucía;487083;39667;4198;9041
15/3/21;Aragón;107519;11407;1070;3273
15/3/21;Asturias;45468;7653;619;1866
15/3/21;Canarias;42570;4354;872;636
15/3/21;Cantabria;25356;2680;362;537
15/3/21;Castilla y León;202623;24898;1946;6508
15/3/21;Castilla-La Mancha;173542;18285;1340;5697
15/3/21;Cataluña;514568;36956;3074;13711
15/3/21;Ceuta y Melilla;12256;813;122;165
15/3/21;Comunidad Valenciana;382811;34016;3283;7239
15/3/21;Extremadura;69157;5582;486;1735
15/3/21;Galicia;114426;12386;1657;2286
15/3/21;Islas Baleares;56834;4450;691;821
15/3/21;La Rioja;27418;3131;340;738
15/3/21;Madrid;606963;90674;6615;14431
15/3/21;Murcia;107507;8675;1124;1551
15/3/21;Navarra;52277;5203;459;1104
15/3/21;Pa√≠s Vasco;157478;13496;1172;3977
15/3/21;No Consta;22130;2652;305;386
31/3/21;Andalucía;503113;40942;4399;9258
31/3/21;Aragón;109800;11632;1100;3327
31/3/21;Asturias;47397;7916;644;1903
31/3/21;Canarias;45899;4646;948;677
31/3/21;Cantabria;26145;2798;383;543
31/3/21;Castilla y León;206473;25352;1996;6603
31/3/21;Castilla-La Mancha;176513;18460;1353;5737
31/3/21;Cataluña;535243;37899;3162;13889
31/3/21;Ceuta y Melilla;13061;882;136;176
31/3/21;Comunidad Valenciana;384752;34244;3313;7282
31/3/21;Extremadura;70454;5675;495;1742
31/3/21;Galicia;116735;12658;1695;2325
31/3/21;Islas Baleares;57781;4490;694;825
31/3/21;La Rioja;27973;3178;347;745
31/3/21;Madrid;630456;92657;6843;14643
31/3/21;Murcia;108628;8776;1136;1571
31/3/21;Navarra;54493;5343;484;1114
31/3/21;Pa√≠s Vasco;163892;13882;1201;4069
31/3/21;No Consta;22340;2673;309;387
15/4/21;Andalucía;526941;42726;4676;9437
15/4/21;Aragón;113195;11953;1139;3379
15/4/21;Asturias;49233;8140;681;1928
15/4/21;Canarias;49041;4883;1019;707
15/4/21;Cantabria;27275;2925;407;551
15/4/21;Castilla y León;211600;25919;2063;6670
15/4/21;Castilla-La Mancha;181027;18680;1379;5792
15/4/21;Cataluña;556659;38859;3265;14090
15/4/21;Ceuta y Melilla;13978;987;149;187
15/4/21;Comunidad Valenciana;386859;34460;3340;7304
15/4/21;Extremadura;72071;5797;503;1759
15/4/21;Galicia;119206;12896;1726;2355
15/4/21;Islas Baleares;58577;4530;703;827
15/4/21;La Rioja;28751;3256;359;753
15/4/21;Madrid;657680;95177;7112;14853
15/4/21;Murcia;109723;8885;1151;1581
15/4/21;Navarra;57610;5567;523;1133
15/4/21;Pa√≠s Vasco;174333;14425;1261;4173
15/4/21;No Consta;22608;2696;317;391
30/4/21;Andalucía;548692;44629;4968;9612
30/4/21;Aragón;117427;12373;1187;3422
30/4/21;Asturias;50799;8364;719;1947
30/4/21;Canarias;51505;5069;1067;731
30/4/21;Cantabria;28879;3092;431;557
30/4/21;Castilla y León;216511;26427;2113;6722
30/4/21;Castilla-La Mancha;186267;18853;1391;5840
30/4/21;Cataluña;581423;39661;3328;14226
30/4/21;Ceuta y Melilla;14492;1038;160;195
30/4/21;Comunidad Valenciana;389340;34674;3374;7320
30/4/21;Extremadura;73341;5901;513;1773
30/4/21;Galicia;122174;13204;1781;2375
30/4/21;Islas Baleares;59375;4587;710;832
30/4/21;La Rioja;29740;3352;373;761
30/4/21;Madrid;686740;97731;7364;15070
30/4/21;Murcia;110941;8991;1171;1590
30/4/21;Navarra;60043;5785;557;1153
30/4/21;Pa√≠s Vasco;186643;15073;1338;4302
30/4/21;No Consta;22859;2712;319;392
15/5/21;Andalucía;564707;45861;5105;9753
15/5/21;Aragón;120650;12668;1223;3469
15/5/21;Asturias;51608;8451;730;1956
15/5/21;Canarias;53453;5203;1082;750
15/5/21;Cantabria;29749;3242;464;561
15/5/21;Castilla y León;220043;26782;2153;6765
15/5/21;Castilla-La Mancha;189606;18963;1397;5866
15/5/21;Cataluña;596869;40184;3370;14310
15/5/21;Ceuta y Melilla;14740;1065;165;211
15/5/21;Comunidad Valenciana;391026;34782;3382;7336
15/5/21;Extremadura;74267;5968;525;1779
15/5/21;Galicia;124773;13452;1816;2389
15/5/21;Islas Baleares;60011;4624;716;836
15/5/21;La Rioja;30325;3416;383;768
15/5/21;Madrid;704000;99421;7540;15219
15/5/21;Murcia;111969;9081;1188;1593
15/5/21;Navarra;61502;5890;566;1170
15/5/21;Pa√≠s Vasco;194052;15172;1352;4392
15/5/21;No Consta;23055;2735;322;393